{"cameraMode":{"drawMode":0,"name":"Shaded","section":"Shading Mode"},"sceneLighting":false,"audioPlay":false,"sceneViewState":{"m_AlwaysRefresh":false,"showFog":true,"showSkybox":false,"showFlares":true,"showImageEffects":true,"showParticleSystems":true,"showVisualEffectGraphs":true,"m_FxEnabled":true},"in2DMode":false,"pivot":{"x":0.7224928736686707,"y":1.659999966621399,"z":1.0619573593139649},"rotation":{"x":0.31412288546562197,"y":-0.09856195747852326,"z":0.03278152644634247,"w":0.9437488913536072},"size":0.22085115313529969,"orthographic":false}